<?xml version="1.0" encoding="UTF-8"?>
<ofd:Page xmlns:ofd="http://www.ofdspec.org/2016"><ofd:Content><ofd:Layer ID="2"><ofd:TextObject ID="4" Boundary="31.70 25.40 108 10" Font="3" Size="8.0"><ofd:TextCode X="0" Y="8" DeltaX="8 8 8 8 4 4 4 4 4 4 4 4 4 4 4 4 4 4 4 4 4">你好呀，OFD Reader&amp;Writer！</ofd:TextCode></ofd:TextObject><ofd:TextObject ID="5" Boundary="31.70 35.40 60 7" Font="3" Size="5.0"><ofd:TextCode X="0" Y="5" DeltaX="5 5 5 5 5 2.50 2.50 2.50 2.50 2.50 2.50 2.50 2.50 2.50 2.50 2.50 2.50 2.50">页面尺寸为 [0 0 210 297]</ofd:TextCode></ofd:TextObject></ofd:Layer></ofd:Content></ofd:Page>