<?xml version="1.0" encoding="UTF-8"?>
<ofd:Document xmlns:ofd="http://www.ofdspec.org/2016"><ofd:CommonData><ofd:PageArea><ofd:PhysicalBox>0 0 210 297</ofd:PhysicalBox><ofd:ApplicationBox>0 0 210 297</ofd:ApplicationBox></ofd:PageArea><ofd:PublicRes>PublicRes.xml</ofd:PublicRes><ofd:MaxUnitID>8</ofd:MaxUnitID><ofd:DocumentRes>DocumentRes.xml</ofd:DocumentRes></ofd:CommonData><ofd:Pages><ofd:Page ID="1" BaseLoc="Pages/Page_0/Content.xml"/></ofd:Pages><ofd:Annotations>/Doc_0/Annots/Annotations.xml</ofd:Annotations></ofd:Document>